Sensationalism_Score,Source_Trust_Rating,Exclamation_Count,Word_Count,Author_Verified,Is_Fake
5.993428306022466,7.798710873172004,5,857.1906773795073,1,0
4.72347139765763,6.849267365825538,2,1082.393174230245,0,0
6.295377076201385,5.119260739840349,7,490.24282894173814,1,1
8.046059712816051,3.706126444588852,2,919.3781149840427,0,1
4.531693250553328,6.39644662722718,1,1342.7919049199331,0,0
4.531726086101639,5.786970770843499,2,734.5862313822879,0,0
8.158425631014783,6.790386440055465,5,545.7098214142745,0,1
6.534869458305818,6.270343603363939,1,604.3733334220818,0,0
4.061051228130096,7.09910543063867,7,473.1100887972835,0,0
6.085120087171929,3.9295295768788643,0,564.571427561689,0,1
4.0731646143750755,7.634788131268651,6,688.8475704229913,1,0
4.068540492859486,5.395199209384799,1,378.3298942464074,1,0
5.483924543132068,9.150521745250531,9,804.6855001848809,0,0
1.1734395106844042,3.6216243638208643,5,1070.683152135994,1,0
1.5501643349739345,8.4719276063305,1,527.6731459559239,1,0
3.8754249415180544,5.395821566925296,1,1255.7851770925306,1,0
2.9743377593311524,3.6971639927711033,9,953.2376265582784,0,0
5.628494665190548,4.032228331891357,7,1109.1741756872173,0,1
3.1839518489575784,4.3593053836113596,1,602.6496338443588,1,0
2.175392597329417,5.848331892803833,6,1056.3575681199848,0,0
7.931297537843108,6.0456709760709995,2,472.4198298814061,0,0
4.548447399026928,3.852599992122842,7,1067.0742502509527,0,1
5.1350564093758475,4.951290815478035,6,851.5518019380594,0,1
2.1505036275730864,9.284540717223727,7,965.9753659954351,0,0
3.9112345509496347,8.455086340201422,6,447.3216183125445,0,0
5.2218451794197325,5.872647339348064,5,531.4790473170185,0,0
2.6980128451553944,5.076006956336401,6,979.1684654760154,1,0
5.751396036691344,5.240062653436523,4,515.4955987327398,1,0
3.79872262016239,6.227035945460833,6,938.9618876297369,0,0
4.416612500413446,2.954414869603189,0,389.8586580619263,1,1
3.796586775541206,4.48524692515331,0,1054.4522638000005,0,0
8.704556369017876,1.662831852244821,8,430.2430055694473,0,1
4.973005550524132,5.798446245210559,4,965.6899813038569,1,0
2.8845781420881993,6.294391879405482,4,987.6892800938002,1,0
6.645089824206378,4.033627075401252,2,590.9684544711275,1,0
2.5583127000579555,8.147973526580065,4,974.6079701254181,0,0
5.4177271900095105,2.5484686739953175,2,878.1326790000668,1,1
1.0806597522404489,2.0712502395803596,8,638.3474431421785,0,1
2.343627902203139,5.448903637119944,8,497.43359477713756,1,0
5.393722471738247,7.094196605224309,5,211.21229249822625,1,0
6.476933159990821,8.367855382915737,0,904.8950141899081,0,0
5.342736562379941,4.0822314742621195,6,330.55916859138347,0,1
4.768703435223519,7.157361666862592,6,828.6032598323925,1,0
4.3977926088214225,4.922983060998585,9,720.9655351753253,0,1
2.0429560192651453,4.654745400118361,9,1003.7428326314587,0,0
3.5603115832105825,6.767319874973345,3,709.3863501530408,1,0
4.078722458080425,6.304645756826839,7,701.1656640958726,0,0
7.114244452437831,1.8472156860315012,5,1019.5612112864887,1,1
5.687236579136923,7.9530806994517915,3,900.5174087252352,0,0
1.473919689274532,7.760182708294903,3,894.8467871548335,0,0
5.64816793878959,3.748874596980941,1,940.7802769425579,1,0
4.229835439167367,5.791607066874818,1,339.32836303786826,0,0
3.6461559993880828,5.988060372565478,3,1027.0366039960945,0,0
6.2233525776817356,5.521347531647814,4,983.7406382040807,1,0
7.061999044991902,3.8993896923091595,7,494.9950614270508,0,1
6.862560238232398,3.656753264123897,5,726.7758578977396,0,1
3.3215649535547227,4.9488918580171095,3,788.2078137117106,0,0
4.381575248297571,7.345458038518729,6,759.6509646794802,1,0
5.662526862807128,6.087200309188865,7,900.1579899705604,1,0
6.951090254244718,4.258771335827788,1,1229.410034549355,1,1
4.04165152430942,6.54339742129669,6,1124.5300183018485,0,0
4.628682046672366,-0.6970852412601509,1,406.33424197057815,1,1
2.7873300519879436,7.297531400744207,1,986.6209970918146,0,0
2.6075867518386584,1.5205724424438007,7,1198.679995860623,0,1
6.625051644788396,4.275118117193736,1,916.0425562067608,0,1
7.712480057141645,2.7606602107477123,8,1127.29412755579,1,1
4.855979756839332,2.4106370485581885,0,1403.6811337102295,1,0
7.007065795784048,7.321653574757039,8,1107.1128638320945,0,1
5.723272050095268,4.064597597376217,0,874.7925786925186,0,0
3.7097604907897512,5.693007763461432,9,1113.526542225426,1,0
5.722791211016828,4.906158842241632,9,843.4663499290674,0,1
8.076073132931938,5.954081654446243,1,807.1709129854867,1,0
4.928347921780097,5.15364378212051,5,694.5757292858802,0,0
8.129287311628012,2.4340155516228608,5,1269.0240076496325,0,1
-0.23949020817948874,6.99253363889428,0,554.4714002173996,0,0
6.643805008750448,4.012486833677375,6,1259.7103174034348,0,1
5.174094136476342,1.886836202680498,7,949.9592371221114,1,1
4.401985299068265,4.143769678068175,1,380.20814755941757,0,0
5.183521553071005,8.00151958126862,7,910.2947878974264,1,0
1.0248621707982144,6.7004434842269855,8,169.99204770451274,0,0
4.560656224324976,4.302695731184282,5,987.6524050493107,0,0
5.7142251430234925,4.301484591363143,4,1065.5694448966974,0,1
7.955788089483033,4.356729897565235,8,622.2932133043839,0,1
3.9634595634527052,9.153495967121682,8,837.0643087866747,1,0
3.3830127942136246,5.763870904463107,0,1386.247230125086,0,0
3.996485912830927,5.8600832943821395,2,648.275988721419,0,0
6.830804235404148,7.060566908063684,8,482.32772388301987,0,0
5.657502219319369,5.477578318053027,1,1244.4990207387796,0,0
3.9404795924659224,4.481915708358594,3,1388.7761571592384,0,0
6.026534866226712,4.607300301830043,3,801.1087015543542,1,0
5.194155098696081,4.856797481171872,1,1103.438910622507,0,0
6.937289981065779,4.925555526980316,2,1202.4427746592644,0,1
3.5958938122452953,6.4552590872739595,2,577.2547302384849,0,0
4.3446757068044635,5.103891771614599,0,654.4082493896395,1,0
4.215783693735685,6.465280154431158,5,1169.2623539464205,0,0
2.072970103735763,4.838566839782835,7,1305.5042836125529,0,0
5.592240554129152,5.157270380632181,2,968.8642580523065,0,0
5.522110544359778,1.0035986309357847,4,536.0556939493838,0,1
5.010226913284922,6.832655349404963,0,1396.1183335098324,0,0
4.530825733249706,5.692976951795986,9,640.7087306564107,0,0
2.1692585158991715,6.996020219719305,6,699.4586656485644,1,0
4.158709354469282,-0.7925107563873786,9,902.7013503468864,0,1
4.314570966946461,9.176749409561456,0,1266.2481262144322,1,0
3.395445461556762,4.720820743689653,8,1056.1927929656672,0,0
4.677428576667982,7.216365633475033,7,924.4596501085731,0,0
5.8081017136290765,2.9201881457489383,6,938.9865590354318,0,1
8.77237180242106,6.225547810125139,9,813.0544005930399,0,1
5.349155625663678,2.8931688736526877,6,967.4418543555519,1,1
5.515100781445529,3.7524620786083895,4,41.13197669170904,0,1
4.851108168467666,8.828062707733572,4,711.0177622790604,0,0
1.162457569401917,4.6186351984733065,4,872.3965804750343,0,0
4.946972249101567,5.434865746359446,0,454.6957749141479,1,0
5.120460419882053,6.740135461377508,7,915.896995343468,0,0
9.926484224970572,5.991363775945209,0,738.6586337041635,1,0
4.615278070437755,5.3008378102871525,3,1326.642709494647,0,0
5.603094684667225,5.729922004932451,8,1271.905917564457,0,1
4.9305764605895135,9.80683117047655,8,660.2583292645511,0,0
2.662643924760936,4.884762405932829,4,754.7486865299913,0,0
7.285645629030041,5.402198093429935,3,777.8157303174822,0,1
6.503866065373549,7.1013087920152245,2,664.5021571521132,0,0
6.582063894086094,7.211051865915968,2,858.5074952084381,1,0
3.181225090410522,7.37406061112076,4,572.5153793337229,1,0
7.805588621872198,6.277460444058369,9,460.8153995187421,1,1
2.1962978744154382,2.713990174539033,0,986.8133671700806,0,0
6.173714187600541,8.266863064602191,4,988.8588752665432,0,0
9.380911251619956,2.707309213962624,5,558.7052721020023,0,1
3.0189273497386235,5.605270930478066,6,1068.6066292287799,1,0
3.867404540794456,3.4914482999612844,8,610.5266812504005,1,1
5.199302730175282,4.871723306814015,2,875.9495714113943,0,0
3.9930486917676014,5.657524820606961,1,1046.1032037837367,0,0
1.8986731378677346,5.642714430900546,2,789.9162305888862,0,0
5.137125949612055,5.84384150847057,8,936.4222736423403,0,1
2.8753925725477902,8.227422538117294,6,645.0711068337284,0,0
5.9471848612703635,5.90706860302796,8,741.0600249715709,0,1
3.1611515315323935,4.511686729418702,1,738.2421707358978,1,0
8.09986881003508,6.928174336576714,4,576.0264960379284,0,0
3.4334934153275256,7.378940977849281,3,746.9677510652654,0,0
4.355876967588649,2.544784369726015,1,335.414510340876,1,0
6.62703443473934,6.194800139699716,8,652.6538758573686,0,1
2.5382713671320896,6.402345484621796,8,714.5373519890987,0,0
5.4549198692082586,4.404872993280016,5,723.1460742513859,0,1
7.614285508564857,7.751413626623239,5,727.5507662387663,0,0
1.785033530877545,4.699888825934947,7,781.4707400419613,0,0
5.369267717064608,5.2511529069430845,5,943.8324554258191,1,0
5.519765588496847,4.65385635143226,0,1062.3551222397568,0,0
6.563645743554621,5.031158095162935,3,605.0704319455199,0,1
2.526098578243836,2.8074498262095964,6,439.0397433832567,0,0
2.3590867738314474,2.1198982348114113,1,487.3866763270691,0,1
6.0438831312337955,8.189010126449944,8,653.8391236415218,1,0
5.5939693464663724,3.3060773033633444,7,694.4236046550473,1,1
5.5009857006917535,3.0172153010873854,7,569.0011801407628,0,1
5.692896418993952,0.6932197727925704,6,411.16500072503163,1,1
3.6399505568430186,3.7220765046209956,3,663.1637517577435,0,0
5.464507394322007,2.3538204131850033,1,854.4279860341915,1,1
5.586144946597362,8.284030320272738,2,978.5088397506694,0,0
3.571297163947264,7.019634178685268,5,632.7730840675036,1,0
8.731549022289514,3.6236993096445524,4,676.1006533569698,1,1
5.947665841823575,9.504871610688618,7,521.9905073458067,0,0
2.617393005594703,6.963530973983189,5,790.568248887567,0,0
6.313107217267659,4.350337232982755,5,545.4714097427557,1,0
3.050636659545357,0.0011885702528537934,0,971.93834397236,1,1
6.574169207484904,9.581885145181484,3,264.2400524197667,0,0
7.317191158014808,2.220855066472808,4,692.1110982642613,1,1
3.358635363296579,1.7092025060862164,2,890.3322017575226,0,0
6.926752258488643,7.045140864019281,8,855.1503548967513,0,1
5.825561853872997,9.879504812678546,0,1607.910099194149,0,0
6.64412031998898,7.768545637021036,5,904.9400073703723,0,0
8.793585965307894,6.12781824010472,5,498.7836209473969,1,1
4.509223767994259,6.189508683330572,9,771.360725873278,0,0
3.492527671285021,6.706831117560616,4,267.1260999600645,1,0
3.2209711407489534,6.5178571795735305,4,775.8200752109717,0,0
3.3683794300691234,5.562382847938752,9,550.0831828997724,0,1
4.845796581171792,5.208402207903752,4,1074.6170826680486,0,1
5.682303949633288,4.874813744200956,5,635.1379176213395,0,1
5.553381598660038,3.4920708222666477,7,764.970225261426,0,1
6.654366498072047,4.438649846266452,1,609.3326475786789,0,1
5.026003783755814,1.614086371609229,5,1321.6554055559996,0,1
7.907068154314634,4.8033207464105,0,703.6271701646265,0,1
4.470686333524088,3.022817785698165,3,1349.7671130437607,0,1
10.440338333179238,2.792821365568458,9,1044.24552863548,0,1
6.251334695530012,5.359788302306957,2,944.6200182006158,1,0
3.285684887167435,7.784004572689199,8,910.6199441952559,1,0
2.8582150038777754,6.836633212004626,2,918.1391894648755,0,0
5.96494483048637,1.858998792753646,5,221.69822619631702,0,1
4.553074429348298,3.020743726859325,0,716.334981754773,0,1
6.428000988184184,6.881542375976432,5,1053.5473913552964,1,0
5.94647524914709,3.035025212923381,3,785.3308449577684,0,1
4.854342174686255,4.550733700005951,7,378.4430459589275,0,0
3.30641256386319,6.100104198049104,8,784.2786648267592,0,0
1.9703055506282707,3.0633110902727294,3,1311.2316548766473,0,0
4.106970095865957,5.21075101229192,9,1174.0675146604158,0,0
6.712797588646945,2.331949010163591,9,781.3987971901905,1,1
5.4281874882604075,3.7972647120975727,5,1085.434783117426,0,1
2.508522442576024,5.639563868285074,0,690.0478938895844,0,0
5.346361851702364,1.8140125329366614,3,288.8385239519843,0,1
5.770634759457674,5.880949475920798,6,522.6602035611337,0,1
3.2322851275977342,4.960724402146638,0,1268.8666305524594,1,0
5.307450211891056,6.104979908834295,7,717.8020754512088,0,0
5.116417436892,5.447828268129323,9,726.9848061874945,1,1
2.714059404338754,7.728280859947688,5,710.0485411175358,0,0
5.715574720696567,5.250449005295814,4,1371.2409768719021,0,0
6.121569052736469,4.141188917749494,9,1287.787674608619,1,1
7.166102486350554,5.244595006064568,8,1465.6340700344401,0,1
7.1076041040698055,6.086596058072776,1,752.2864368799846,1,0
2.244661264085818,5.0977201406514085,4,888.6873466241285,0,0
3.124349920169754,5.081183382407764,5,345.00723517376264,1,0
6.0300705344173195,3.5960166243864893,6,1243.0803278354824,0,1
6.027571901824418,3.6741981648981037,4,449.6661346196195,0,1
6.030095372612096,2.194789456400613,8,865.0326691287887,1,1
12.705462981309442,8.499153486373878,0,470.80924171014675,1,0
6.141781021386334,2.51227352921743,6,623.3399519783911,1,1
7.271131280361198,3.6141896044081854,9,548.8212706850899,1,1
6.908003526986405,3.5631854688616054,6,617.6374217972547,1,1
6.302782502611596,6.789848753888883,3,638.2631890553064,0,1
4.369461510719309,4.410100643415944,8,635.5193615224769,0,1
6.517938440986535,7.495484145347468,4,1050.000173534092,0,1
3.4543495709248564,3.653018751512263,3,468.54116208124395,0,0
4.526362786519982,5.557988324447604,6,866.1624281041601,0,0
4.029272904341793,3.3293058934804853,3,1165.3877456916675,0,0
5.163748278772645,9.290298255546777,2,646.0410906459812,0,0
9.629317133347017,2.6248031619409744,8,584.6243327757195,0,1
1.2654696148165039,5.619641420454055,7,730.8426124459247,0,0
6.372520380749027,6.267553761864197,0,1153.917562508213,0,0
1.7745682576206967,5.827598194902997,6,858.2322892860074,0,0
4.056136268421133,4.629424682244584,8,640.6357116177205,1,1
7.177901193934732,4.740358600533147,7,945.1629953564119,1,1
5.128560038190925,5.087622943958219,7,469.312355049073,0,1
2.8445104441413878,4.705995996743023,5,1004.4078531328844,0,0
3.5693925814800638,6.927758233589819,3,922.5821923105303,0,0
6.359195497869352,9.421046003182703,7,707.6574586583348,0,0
3.5392667365657267,3.885016429984333,2,548.4242604658307,0,1
5.43291717916395,2.2603940408418444,8,533.9957233149628,0,1
5.091143679807628,4.82343590329749,1,960.4452009037731,0,0
3.6967993047883656,10.159418675308636,1,1168.6941507467186,0,0
9.28788817865065,3.3926508640605384,6,608.8076758913616,1,1
6.267838044636022,8.278233610888135,9,937.5160110654452,1,0
0.9497148266847857,8.355401628152881,3,173.89189441937935,0,0
5.3729086295388555,3.892823516584011,9,624.6146808028401,0,1
3.676427070463224,6.137966158370551,7,790.6823201387294,0,0
6.704866669592448,8.256793246257075,8,527.0949749054499,0,0
3.4149585231345987,4.241744518025026,6,519.0480875631213,1,0
4.770527117066202,4.592839279795276,4,599.6661330593341,0,0
6.0099745579609145,3.8366381721027123,7,887.657818497912,1,1
6.731510388340243,2.9704865386142663,3,743.8012944780876,0,1
2.5994071858884475,3.701444909867986,1,128.53063000250836,1,0
4.330997528318103,2.552119466475487,5,163.78995420948013,0,1
4.050109377678088,5.068166936518452,8,617.9404466428474,1,0
3.693341534852576,3.4600535378827164,0,937.3059758160656,0,1
8.530908480562193,5.467571823581496,9,-24.251452817570453,0,1
5.809963421921911,1.8882087075927454,6,650.0809471545108,0,1
2.4782320913299096,5.661760464428914,9,642.1256430447736,0,0
6.835723894109552,6.6670579232178495,8,1216.5013334625344,1,0
9.244312394025266,1.0125287148570892,9,684.4934564861409,1,1
7.064930521102294,5.748113139695144,8,914.8966954222785,1,0
1.9612600680919732,7.455337984946585,9,842.377142026239,0,0
4.031531854267497,2.580717962617589,2,160.83005605783978,1,1
7.533822298373245,8.345144773675408,4,1030.4621649895212,0,0
3.5846610687624385,5.838038018732091,7,864.6189516368863,0,0
5.887638856292456,3.5899762884831823,7,952.4805919023769,0,1
6.5492681068586736,4.8884618446845876,3,1977.871311930898,0,1
3.1461390568438343,6.116653825043445,0,174.7661181504235,0,0
4.8809492878764,5.152010782824823,0,1317.4089949283325,0,0
-1.4825346801381452,6.077511984892738,3,713.7657441798933,0,0
2.9512247173314203,3.1586528138412673,5,886.1986713209028,1,0
4.494863697213679,5.3387216480721555,7,786.3463264096273,0,0
2.504433636070301,2.1725710061900396,5,672.729099980587,0,1
8.26482260786327,4.7775478773026,8,629.0501215283724,0,1
2.1397172440787346,3.1921847170704205,8,898.8526206719027,0,1
4.119911026606032,3.528940114820467,1,344.84789099849627,0,0
5.2614811545721825,7.472186350420875,9,1025.1737502565297,0,0
7.8825465781322315,7.182620241188538,0,675.1416785344238,0,0
2.1282756976411212,6.218276241814354,1,460.97919828789264,0,0
7.326327504309919,2.815374470654842,4,664.9961426012559,0,1
5.020466122039174,4.367183100610396,3,1177.1447650587718,1,0
3.036982697904098,7.426195399958367,3,639.399473895133,0,0
5.924206948526542,5.28343382727981,8,907.536085462886,0,1
5.39811939114694,9.63865907996339,7,580.7131172853581,1,0
3.799566245682411,5.786635678788744,5,1027.3765549770858,0,0
5.139604169980037,5.3840982329800635,0,1005.6523216370613,0,0
4.22937280627648,4.3817670715949975,1,1354.5826499889235,1,0
5.227034690502496,5.267081809564565,5,747.3308163502354,0,0
6.324261349042093,4.695060327238912,1,1000.5964414273719,0,1
8.172033632290704,6.416217353377181,9,829.4202618616833,0,1
2.524369002346302,6.913404633589169,4,1188.7615345589043,0,0
9.266066749312532,3.4280210789841012,4,584.3502837173809,0,1
1.0958244009549962,2.337534092884444,5,1023.5015938631843,0,0
4.6964298099288335,1.3275892537934069,5,741.5908111649954,0,1
6.176634412969153,6.015982653825088,5,780.7435468674507,0,1
5.561983735470065,2.793266787652253,1,827.5257453345118,0,1
3.7546009603588124,0.6942188140950343,9,875.6721189280032,0,1
4.5837554992854495,5.7771572090619285,2,765.1312870634125,0,0
4.013998130682334,9.985999034865582,5,864.4139549511578,0,0
3.821270486111577,4.987858176920214,7,1273.4354172686553,0,0
6.699204194042049,6.676981548903283,0,1095.6349056845656,1,0
5.714030971930095,5.16365871709513,0,1060.7463777490689,0,0
3.6141808094786914,4.8022206936177145,1,663.3381421928387,0,0
6.799199750866501,6.838152965975537,5,533.2277515315027,0,0
5.614599041753219,4.419450911622698,8,1086.590167471326,0,1
6.62572423767792,5.534784628143806,3,1062.8140377589382,1,1
6.259257683847224,5.643395612392027,2,1241.8012027252946,0,0
3.3420099781558554,3.6638190927139025,7,618.8058122092311,1,0
3.879637919606061,6.984084699073046,9,731.1354033918959,0,0
6.494587210246523,4.650080486609182,8,308.15475124236974,1,1
6.22074053086693,3.4885096810143104,4,682.2586681817381,0,1
4.958196812071704,6.073019687140807,8,1098.9711531738342,1,0
5.234654766617564,3.2030640364179255,1,660.0513862315406,0,1
7.55532979157685,5.056362314738257,2,992.1439385602471,0,1
3.8168572223283403,4.981762006711593,6,742.8490682006566,0,0
6.094194762340075,7.171791131663156,6,897.2171084664682,0,0
4.595614695132212,5.949396465759905,5,455.6925830552998,1,0
4.56463759354556,4.949946082509713,5,825.5628348901703,0,1
7.19755370397438,6.635532598400574,1,-97.34079127021698,0,0
6.6508326979760595,7.780415098034627,9,743.9311525514046,1,0
6.627019272001277,6.115620612703724,5,310.85802688545795,0,1
7.610957614308658,5.0207052396867615,3,1161.7983549640448,1,1
5.042007683265518,2.376327535299681,2,1033.2222058293532,1,1
6.363905942589928,2.869772673849255,1,940.0012945898243,0,1
4.379466486813088,4.389550591290664,0,1256.301868147814,1,0
5.648332704976884,3.7809755956814337,4,515.3250437525488,0,1
4.739713891264631,4.626057394029108,1,1324.2089593746673,0,0
5.193991929985437,5.113299849794214,1,1079.6574692781155,0,1
6.190314050873827,6.059385508713461,6,729.0334138343162,0,0
3.3635586335330547,4.859002443881818,7,1140.6860441548833,1,0
9.184774551370921,5.9730032876524035,9,468.11194627650974,1,1
2.987965237000596,5.12894882962024,7,552.6457515416979,0,0
2.5716227744245357,1.0490668672922574,3,617.4230830280899,0,1
7.316221747000135,3.1213292123624914,0,641.3066875807954,1,0
6.583325387925871,4.7118248885567695,6,483.0327071719242,0,1
6.24823963410431,2.580610514317785,0,1166.9249201285975,0,1
6.25669101852856,6.199857459992409,3,722.3436798890505,0,0
4.975506454306171,8.061501664687395,7,905.7514905070639,1,0
3.2054912570283367,7.437523703394634,1,628.8945900758958,0,0
5.151609116387453,4.573114258139584,5,253.81900983544483,1,1
3.6456765769757764,7.9814522736999045,5,881.0172075174266,1,0
6.9502394668355025,5.297334914404223,8,226.32350737406693,0,1
4.705885236995723,4.325828057763921,4,779.4097861743594,0,1
3.349005606414977,3.7731946729181205,9,389.50548835015684,1,0
4.357228316694013,4.395060627023743,3,1396.1827997692424,0,0
5.825862908551248,4.223646362917543,4,1073.4088166524166,1,1
3.8725508943920506,5.340832444750975,9,831.7261373814441,1,0
3.3555592088671373,5.3211479620997295,4,1179.1120032964006,0,0
5.487374422983825,5.006092040306829,7,546.1052067602793,1,0
5.4899331422174455,5.8738763394927,9,963.0438136010279,1,1
3.9861136492577405,7.381292549572683,7,859.943130115614,1,0
4.057923388763355,6.899108270882648,1,879.206024400101,0,0
5.464099874715273,2.030204063100193,6,1181.7060500320304,0,1
2.1038313170053518,-0.10784226980390965,7,1019.7476308339407,0,1
2.1850724512468895,6.868639822478547,5,886.617098847507,0,0
3.563111557495128,2.266242603169158,4,303.5337691315112,0,1
4.573105696576306,4.550469196214633,8,511.9861114161609,1,0
5.621815131196009,2.659773947881281,2,763.1873199212828,0,1
7.950712433899104,1.3960391248399606,9,828.0117122829954,0,1
6.7153192464040385,6.082925456409576,3,460.93888259782284,0,0
4.680122940073145,6.518310320605294,8,1523.5030026735262,1,0
4.961967584194622,3.846979198546561,5,1254.918216576072,0,1
2.9949412707243823,-0.18208458428981977,7,980.6354961177451,0,1
4.96297372801522,3.9075111034950343,6,821.6110583851234,0,1
4.422682722159723,5.783608010805093,1,736.3373090296545,1,0
5.645437120676179,2.0421768624517425,2,514.4244619933293,0,1
3.345538112895354,5.3667198395583116,0,823.2441555556587,0,0
6.038693028482345,4.969380301654009,8,877.3257620428252,1,1
8.065477826005155,6.158582999202177,6,427.4718273555127,1,0
4.782479703086285,5.239160736828307,0,900.2529251734693,1,0
5.8034234441978825,3.0538621182368892,2,753.4222853525754,0,1
6.380287983422225,7.393143003328983,3,227.65773263678273,0,0
4.197559056228328,4.68294085394606,3,541.8844967661494,1,0
5.448184963620833,4.945390920980136,4,675.9183399735067,0,1
5.02518480156359,3.133464081853608,2,1366.306297202057,1,0
5.195352197097663,4.11343549761698,2,966.9659373601274,0,0
3.4539804322890673,3.2303945719461984,0,399.3555292700326,0,1
5.049020348517885,4.654107880153154,6,945.8108868252912,0,1
5.9959965824909,8.423416960284687,9,335.80880331849033,0,0
7.902287215590084,2.2561977141372873,0,1124.807316166122,0,1
6.918541652170414,1.7728772042465177,1,658.6626044546364,0,1
9.306364915023114,7.942340654987217,3,771.9091433782487,1,0
3.465304874223901,4.581352645696268,3,1197.738994262657,0,0
6.744641273441356,3.6618545226801666,4,413.850929424725,0,1
5.366684011476703,7.079809374792153,1,380.86454446610264,1,0
9.379605866435345,3.788768920526272,3,624.9202020961985,0,1
3.383403429289697,8.652019427093872,0,1111.513655305795,0,0
3.3205563156384477,6.355851742678539,1,344.19617735694726,1,0
3.8012147091119557,4.024177183708595,0,-49.646679433170675,0,0
0.7522085513803862,9.314616426531007,9,664.6523424773004,1,0
3.948489956638478,3.788570153993323,9,965.5222399732761,1,0
3.481734676892604,6.484190744018614,3,1160.0785249216488,1,0
5.300787572952415,5.598585160812984,3,661.0515913743803,0,0
5.683511951554319,7.603482578797596,6,676.5720178651993,0,0
8.752341678431772,8.123022393453706,9,1146.1702202767242,0,0
6.9008476763721,5.064008298131533,8,239.07749009137387,0,1
3.8461926886751936,3.4931642593076333,8,683.4437674450973,1,1
3.203170657303284,5.919944285878233,4,857.1271669775173,0,0
5.983838343013011,3.6445692604957878,9,934.7656163855103,0,1
2.3595335859587157,9.026774495053246,0,647.0579920427352,1,0
8.662917531708707,5.273070662165475,0,810.3323035117525,0,1
7.358880241442574,4.269356897375783,5,53.50179397610316,0,1
4.06164869579059,5.3693606117298165,1,602.5254762998455,0,0
1.573730941818245,2.305747420940607,7,936.0526137663402,1,0
7.707744748330826,3.056771922978697,8,505.3117897235961,0,1
4.770920309494764,7.400827815888851,3,817.6952664768792,1,0
7.4756326239469235,3.6862114420572087,4,934.0617502408094,0,1
1.8111446824112658,2.906178034636121,7,697.2352397426705,1,1
3.8012499540924543,6.073305505054572,2,851.1391312989713,1,0
5.010487399436366,7.371408309325994,4,511.18023041461635,0,0
5.093961187529484,6.437906621330134,2,738.016616091186,0,0
4.099869057041513,6.992095371611633,9,983.0648508767667,0,0
6.2456998646949975,3.4864098228610785,2,847.0918882905303,1,1
2.8647591412348112,2.1563786665163125,2,624.0406191308193,0,1
4.715241029957413,8.002667303910973,6,867.2649212872379,0,0
5.240591263423798,4.354640322315729,6,1014.3829371909853,0,1
6.028877668117498,4.498333967089906,6,185.0176164267566,0,1
6.423229756177779,7.656388283698115,9,1147.7222194867693,0,0
2.7507158163242615,6.11246001880132,7,699.1235783956784,0,0
1.9317716585287554,5.911775544163215,4,927.6469799720691,0,0
7.555353643797018,9.330004689802168,4,1159.1740770935685,1,0
5.6646280239591835,3.712963539239714,3,388.49789083086023,0,1
3.5030269268868928,6.855680256162474,6,587.167699271736,0,0
8.102303951045046,5.114026249794169,9,713.4353912372885,1,1
5.231349268585717,5.537184557726514,3,564.8739436626715,1,0
7.358594368127653,8.056936852825064,1,1320.4809727510426,1,0
5.135036962820218,6.015671512579248,3,542.9683718519622,0,0
9.121495849763974,6.076592158099266,7,633.33596615394,0,0
8.510681684886409,7.145014674619604,8,861.316709480893,0,1
4.502071703041853,4.270094540914229,2,439.3551421771734,1,0
6.943141901908711,3.3215806653219873,6,681.2957864731209,0,1
6.290751899170295,2.910381611957933,8,895.2359783750526,0,1
7.737263115064698,1.0672868212479965,3,700.1418786852466,0,1
3.070153078839791,9.112414259880644,9,771.9839423300156,0,0
6.372102919996879,2.7935832685566337,2,641.2003662654888,0,1
7.116848973699176,4.557492752828456,4,345.6589072457699,0,1
1.4825210271537714,4.446373400222159,0,896.4779634017716,0,0
2.63348297466845,5.614813395618201,2,1326.4799214941725,0,0
0.9215356444797989,6.6314744250785935,7,805.5204892350314,1,0
4.461186331110884,6.720946976719491,7,867.5792351742648,1,0
6.435084511591924,3.8338451228621233,3,1007.8168265350578,1,0
8.004714104192056,4.665756572427177,1,419.20085103599024,1,1
5.14818956083955,5.5651599009765995,7,1310.7543974388816,0,0
8.257231091142584,4.502617747632906,7,860.6986389268407,0,1
2.2397970835702172,8.214691152039986,9,1289.5570697267326,0,0
1.5932351212896907,5.981949903276503,3,580.0901013428032,0,0
4.888904602206763,6.4697555720996345,2,1345.4185767673475,0,0
5.768130897878614,6.325762537334826,1,1032.546648210435,0,1
4.934610503811814,7.34694771497065,8,965.9120257557075,0,0
0.8651157999202468,5.3620431174074135,0,870.2073363059444,0,0
4.821759920974423,2.406336104088307,6,725.4414145776652,0,1
2.3910609989902936,5.799375903505283,4,1160.1594975421617,0,0
6.339345097660077,3.697286212416342,7,842.1079609544141,1,1
5.733196492193697,3.9427666365004863,3,209.87908892385428,0,0
3.1202404273452897,6.172728037510186,6,464.8440614878993,0,0
3.972266165326613,7.476566142867272,4,744.2462743421759,0,0
2.881572956222097,5.042543153472123,4,892.9996949496665,0,0
4.874641805453656,5.617666025197927,8,783.0234533300312,0,1
6.910284641002477,8.404429889270476,8,1165.6912369380989,0,1
3.0285479073289125,5.4815063589771365,8,214.66944078841254,0,0
6.008093031035688,10.203366228360789,5,843.0763809515481,0,0
3.9394847632551184,6.1310192912630885,5,254.60623238385358,1,0
3.4142543354753117,1.4784744816883646,4,1027.9136886452504,1,1
4.785939280090885,6.506683242209065,8,771.6623856673991,0,0
2.929515355161252,5.7623167697655555,9,925.8829916072355,0,1
3.892701389305636,7.579505508165491,7,540.8351118230702,1,0
2.604244214822303,6.346362702539917,6,1183.8394794973253,0,0
8.929450265832779,4.723088032032452,6,1112.5173992176553,0,1
5.070527103943458,2.5514035274212685,5,975.0632909035663,0,1
3.6005489840148286,4.58195348542795,4,761.1448259409677,1,0
5.427959821468444,3.2989590915813998,3,973.9571855885397,0,1
4.77534390061834,3.8389531003905546,2,587.9322296037953,0,0
4.558060800933554,6.177156808841219,2,1056.6666977062137,1,0
6.22833340008685,8.339809008702812,5,1294.8442682971763,0,0
6.51501542009461,5.7893430596459625,3,1121.183167993756,0,0
3.938997704778945,2.6082338759296313,5,581.1192590577772,1,1
3.8483635187106398,5.889205336440281,2,908.4251951819308,0,0
4.449896605696712,7.393262973291302,3,412.05753687240565,0,0
0.39615767052883033,3.780434191361236,8,971.7170933527027,0,0
1.9696178756028955,4.7319656666541645,4,935.1810238587616,0,0
7.733748534889049,5.0293763894583945,6,239.05509814035076,0,1
8.289935427002568,3.43020337383552,9,451.46484682629085,0,1
4.501927920887243,6.2965608676877185,1,715.0583309768699,0,0
6.153113926111533,4.758103702784437,4,709.7420758577521,1,0
5.622500309087072,5.839064887814056,8,437.15691937435844,0,0
11.157761616910475,3.2250156443958,2,916.6936188056551,0,1
7.2391498228691535,4.125083399353179,8,875.4420826821536,0,1
4.744164817038467,6.444762715655543,5,741.7192604064442,1,0
3.0889191187991485,4.254333695816466,3,573.2625499524911,0,1
1.787107359484855,8.45392770246681,6,1114.612137924969,0,0
5.406927271734446,4.200727628770795,7,1296.6221339264885,0,1
3.487298509431393,5.449369451503772,5,654.9315548460388,0,0
2.1554925808046517,6.8651816637461796,4,616.3499248535538,0,0
3.7068542315149466,2.1632685341339366,5,947.3622996235989,1,1
2.83690399277121,1.4783823760384482,4,692.5911860759041,0,1
8.37428327014513,1.9486873708598105,7,758.1808398010297,0,1
6.763279513898901,7.525168206854364,0,1021.8959455174014,0,0
4.9840547173667655,3.8962837082151065,6,227.19317374781212,1,1
7.959888277780052,10.116398571336504,9,1195.4906974558007,0,0
5.154736615295237,3.871504802685223,9,821.8041572988024,0,1
3.2774315973434724,5.369102606394074,1,676.552056631346,0,0
8.046248154539315,8.08421990513575,8,773.2297537335653,0,1
6.077820087369317,9.012185776318246,0,788.7288065061556,0,0
2.925507691347087,9.123007153272795,9,280.63960896652236,0,0
4.619322643832784,7.416732461186285,5,1248.4814682359709,0,0
3.2487634932304856,7.048125051622925,8,812.3976896811855,0,0
2.234400538071328,6.185053898402366,0,932.9006391342125,0,0
6.852355095063283,6.5567221523332755,3,1085.4649311722128,0,1
8.818833280940261,3.897628567342933,3,493.6512627319099,0,1
2.2028648523617176,3.363602233155386,8,942.0415697105685,1,1
6.125938473381142,4.993251085178096,4,719.707672730362,1,1
3.698714861756346,4.659630754950143,4,1054.0312325649481,1,0
4.0257492324706075,4.093543901345449,5,161.83177389455136,1,0
3.8152121515222617,6.392774894913431,0,770.2717099276193,0,0
3.2720184606403677,6.910610417141021,0,619.1538032648116,1,0
5.097043255889654,5.176813772583695,8,929.6788851902467,0,1
3.3380997671779244,7.955060162110524,2,941.0132562104607,0,0
5.540913651559678,2.71662177173299,3,587.7122315533921,0,1
4.899523781101726,4.612681081440564,0,586.3478407471869,0,0
4.522103906267181,3.5663553587943904,8,766.8003894328011,1,1
3.1848726759168042,1.26692676585388,7,531.0073318054376,0,1
3.8464573388633347,4.834638628314601,1,1052.595108635638,0,1
6.510782451651512,4.756504983233433,7,689.2378398657662,1,1
6.0018343752487615,8.026899486484261,6,-72.09646579649245,0,0
3.044889510402898,6.2616233691095555,5,687.5533830134582,0,0
5.198664610858452,2.95162635134159,0,488.4368537468083,1,0
6.502774246743578,8.708185132668376,6,310.6172553617164,0,0
1.6611894377572565,7.442067391050706,9,428.77200853322825,0,0
6.08672038475987,6.164195406937232,6,832.8225415498911,0,1
3.674752482108307,4.547031802300336,8,1198.5922484744692,0,1
6.141197337186319,3.0811215265530407,0,893.955342159494,1,1
3.4734816869149663,4.255586447857894,1,618.0489835352781,0,0
1.390235798670962,7.177497239408372,8,936.7712585512108,0,0
1.7449151242336747,8.769172611869218,8,662.2729069343025,0,0
5.096169893322764,8.086487056544378,5,591.6198892510566,0,0
5.519445003442963,4.022301156427452,5,453.69119953010465,1,1
3.191366749791183,2.7607651334219776,3,274.45135797448427,0,1
6.277184917554748,5.281772493822408,3,683.0228880321664,0,0
1.6769598754620803,1.4631212688742967,4,847.4160469760395,0,0
4.867840402705367,5.646335428369563,2,771.0128989955331,0,0
2.5779676004750867,4.7047948274026625,0,675.2099216157924,1,0
3.696327784395682,4.067926996263515,0,516.2761817909657,0,0
5.094797342632828,1.810593865466409,6,982.4738575054905,0,1
3.2791732694320954,6.027200213139433,0,404.8604240160245,0,0
4.230888911540349,3.9345983206761774,0,1032.8083741530427,1,0
7.012585618428881,2.660166328579424,2,499.3348943219826,0,1
3.8462162609537023,-0.7445244265632986,9,574.2694287940895,1,1
6.671384224130284,4.9449701898987275,3,359.9644428152969,0,1
2.740586290684764,8.544503193339487,3,649.579355934309,1,0
6.059608355830566,8.32251842909574,1,1092.5937375433937,0,0
7.883137241315801,4.0858074868274565,0,954.6884265331869,0,0
0.056710999745421375,3.7955758792764387,2,1093.5266336084105,0,0
3.406209489059046,5.937548512150047,3,956.6427637801808,0,0
6.15414425436108,3.0032291216234173,2,468.89905144088925,1,1
4.593909227914015,5.6035837996389315,7,700.7632327017328,1,0
5.742291746742618,6.53216055676938,9,565.9402612647611,0,1
3.792029626568359,7.453866447768615,0,1199.172471211712,0,0
5.1731795749458,4.799691847040094,1,440.9634060721065,0,0
4.688645529215841,4.592652499646068,6,1068.1093068167334,1,1
7.335564123319615,3.244034826486878,3,1067.8861610326308,0,1
5.508841686602426,3.3462392919202797,7,1348.886060514826,0,1
5.675205324150404,4.547042216196947,2,677.0940222111508,0,1
4.1762460677550655,5.734731013632356,5,1013.6966478740486,0,1
4.024787551855013,6.827169252466499,8,1484.495550961653,0,0
4.134883624360758,3.3936420986393103,0,614.707496919891,0,0
5.788904284756594,7.985377137919043,0,339.4879257402921,0,0
4.158031038359474,4.457752797914862,7,235.99698982767086,1,1
5.579549713792826,4.957265411303128,2,1013.8136086583994,0,0
9.150801597290878,3.5055766417043532,4,235.05493758242483,0,1
6.742249406863385,0.1515194794541168,0,688.3042841186232,0,1
4.347952935664318,6.7680907927220995,4,931.1939561116882,1,0
7.40242784432789,6.473687794184867,5,855.5526610489742,0,0
4.183849253956897,4.437344885763573,7,927.6334592552516,0,1
0.9237509296442923,5.133981434449744,2,866.6869567402562,0,0
2.983827378165192,6.031878435408199,2,1183.6597439940178,0,0
1.2584161579482886,1.8749082862269146,9,514.3050857783609,0,1
4.296973031917383,3.9418946453074106,8,596.9014584624406,1,0
5.036836758379104,6.588529359243655,3,568.2021664187528,1,0
8.352874624550566,2.491421153661501,3,1049.057543558783,0,1
5.653854747528325,5.587115864333258,6,1070.1195765185191,0,0
4.561798942382271,2.28683639075319,1,935.3675957955525,1,1
6.658811162366979,5.932859964867053,7,1155.0481000669783,0,1
0.5777293819842297,4.9287170354050325,5,446.5877397870858,1,0
5.471229116217132,1.769736368188981,2,1300.167233465341,0,1
6.541730387773933,7.329478708914342,8,1256.9715865136775,1,0
2.042827508440317,3.5308168464039014,4,1020.6865991737241,1,0
7.287508086413858,3.3794951259712382,7,1334.539672631318,1,1
5.676992814988829,5.401138394461886,6,303.0130376966679,0,1
4.169424172198397,7.29727469885743,7,642.6655591212044,0,0
6.26556373221257,2.968356362043206,6,579.4089617954144,1,1
9.541385715608792,5.123359699695944,2,1016.443797127203,0,1
5.36373251011699,5.857633000661146,1,484.9577781193563,0,0
5.496441172600672,6.386211214526288,6,1027.2485448012458,1,0
4.081278200919511,5.35288311055445,2,1211.160843199014,1,0
3.3003112610704166,4.265944321833356,2,1008.5608700251998,1,0
6.660671633088491,3.344819558702561,1,885.1253070984503,0,1
3.2878323481822656,5.172287766092749,3,503.63799772977524,1,0
5.143132474438785,2.855721976028786,7,545.9447101623906,1,1
4.044685106469767,-0.8427009669892147,0,1174.885671589,0,1
5.957959651492784,5.873119608315336,0,1033.8047011715996,0,0
5.667324210573897,6.807869682172391,4,788.2941441867367,0,0
7.075079888515798,0.2741351289163232,4,674.6271362702328,0,1
3.979967202290506,2.980538590580125,0,192.25763806658688,1,0
4.460250129413257,6.238308522010396,5,478.74427439466837,0,0
3.042472568435385,9.114990939423397,0,1373.425726141917,1,0
4.111413479847776,5.041587415350816,4,415.86332869925997,1,0
5.754600986089704,3.543994117541731,8,856.8439463663242,0,1
6.513977233290704,4.63420711779032,4,1102.2331919585595,1,0
3.1556693516447494,7.74975283829637,5,423.52319959931225,0,0
6.73921184021132,3.708071641750929,7,855.413142434325,1,1
7.711275717609902,3.401615986699493,0,1081.3746612531966,0,1
5.826869806447402,4.034512955635935,1,803.7497965721751,1,1
8.753591625116131,3.0933427834825755,8,1660.5209167000305,0,1
3.452421601792854,5.245340631989591,2,299.4202223365414,0,1
2.510690593377166,8.24935691693912,5,1117.6185589651636,1,0
1.4425595021914428,5.6461585462320585,4,748.1594787810607,0,0
7.9920886229783665,4.495292995747425,1,1031.5760464510026,0,1
6.308731312708115,4.416377462168912,6,932.3921455097737,0,1
4.8888306581790895,1.873618382606686,3,580.053140867001,1,0
5.5599372526396404,6.766219554294318,0,868.698917737802,0,0
2.749021905403247,4.8443256059743955,3,242.62956458051383,0,0
9.891503959233653,4.639040172818749,5,980.9742501714181,0,1
5.258442363950455,11.38621513568972,6,889.4475397971577,0,0
5.218789589209786,5.597505816731372,6,991.5980505929307,0,0
6.451533247797384,3.4964178998096314,6,1117.4354975261451,0,1
5.962018463473426,4.147284807588913,2,910.2859520629132,0,1
5.447768048558263,7.29689141839351,5,844.4268259394829,0,0
3.4190510891093764,5.226540821075529,7,535.6794990016124,0,0
5.942936714271991,2.1234440433652666,3,586.3337709052847,1,1
8.764048992950068,6.838457869150407,7,1156.0203860531992,0,1
7.690840092309955,3.663711828922012,1,1230.9006217117935,0,1
8.186373253278795,8.74659555243509,9,728.5668691063838,0,0
3.9775686471376295,7.160096131429297,8,813.8008241759823,0,0
3.020790359482838,4.1053562086824975,8,528.6156875018702,1,0
4.748426159800704,7.562032723470226,7,1151.8270535802335,0,0
5.111449824577389,5.1357110210548065,9,999.6250471075336,0,1
7.188383036941897,6.705547350244439,9,1382.3652309391248,0,1
1.6150707405703613,5.96946563458895,0,536.5030768460783,0,0
8.059100638921228,3.3072866900182527,1,686.5976302945348,0,1
4.683984202842021,3.712900335365076,5,869.4337767576717,0,1
4.14623786010516,7.059921635162322,9,993.9468613177312,0,0
2.975791249479665,4.330449335786918,4,735.2997087357103,1,0
1.6902866562684613,4.1927030735160065,8,538.1116728638899,0,0
6.646341167923829,3.089754841301294,4,1064.4222586770713,0,1
5.146635934376808,5.847198131186922,1,1016.3406087636745,1,0
2.4200782005178922,9.12504983848629,9,525.1177698308825,1,0
2.409842455872768,2.8649341714914542,3,1206.6328403316488,0,0
4.328430601419743,5.0484389133455165,8,1151.059612758981,1,0
8.338043050578786,7.8244411108308585,0,840.2889491743379,1,0
4.48081729727279,4.84071721750857,0,823.8793587128109,0,0
1.9937140937637876,5.904743592499468,6,966.2173313347721,0,0
4.508513871828112,2.8752129437062406,2,541.4890789231226,0,1
4.454552860504659,5.856614194415297,9,809.0094437492246,1,0
-0.3937732858831433,4.625711469990902,1,154.28493661724588,0,0
4.8914102669643755,6.971459991359726,8,1062.9366936508807,0,0
4.538130939582644,7.374772103129502,2,331.5520332674422,1,0
6.3924127296268365,10.179127284037229,1,1251.0259485286997,0,0
8.69791218989069,6.1592663464271515,7,700.9639718100649,0,1
7.253130059095515,5.6515926331643325,9,736.4999054206469,0,1
4.462222618890339,5.388768603154672,5,611.6798281746483,0,0
2.7869481825166593,4.293667414378623,5,713.5883378233771,1,0
10.14671960649972,5.6769676869233825,9,1225.559403544411,0,1
5.118436868028977,4.409197179721941,6,53.65740303947621,1,1
5.027858583825893,5.336921952539228,6,1183.0896158264563,0,0
4.951749825779993,7.63519507121592,5,901.4070443305125,0,0
5.39616952153571,2.9869148694407177,3,437.89350564283535,1,1
4.711279176152115,7.279757122258091,8,477.40628208522867,0,0
3.8526759862395275,7.634230134679731,5,1302.917908162461,0,0
3.9062821175192157,4.763862946017842,3,516.3479360171807,0,0
4.934493459568003,0.7562902019828108,2,453.9948468212122,1,1
3.91315045773247,3.7843560258111353,3,1141.1943627094188,0,1
3.5743084346456713,7.593989093122218,2,901.5658628857743,0,0
5.212860455383794,4.954263875402236,1,518.6223270390803,0,0
4.490045565158289,3.0013955354101785,4,864.9874926213857,0,1
8.007985977165378,3.990450157543565,1,492.2741949079168,1,1
-0.301939616786024,6.681240053009106,5,1130.2464195267817,0,0
7.1830137038449235,6.093467136402759,2,1118.41128946194,0,0
7.492170384995259,4.522135801660611,5,959.601859646583,0,1
0.8532195351837011,4.266351176370625,9,908.498318374105,0,0
4.314624811839303,4.216483701912356,8,1328.356437460212,1,1
4.257118268008417,3.155179631002995,0,799.9058982164676,0,1
2.1849766105643575,8.230751378938884,5,445.43776237375965,1,0
3.444366624818249,4.35535906157732,8,934.842173849692,0,1
2.7788483090683425,7.434317041650993,3,1425.8141148611342,0,0
8.504540886847245,8.042632103844902,1,495.5721520442444,1,0
6.871356786294922,6.996621796295921,3,691.5611699918043,0,0
7.543110189988317,4.136759374563903,0,924.9338114304358,1,1
6.44334412808647,5.807460180673219,2,783.8285452982783,1,0
2.7418964575655416,4.951608787218167,9,505.30892588680564,0,1
3.9509594674404527,3.1925962785397437,8,1136.5573568691411,0,1
5.978749122455836,5.6487185634432056,9,1496.0122166051779,1,0
2.5557443822161092,2.641920417680395,4,858.8394377071722,0,1
6.425996860344776,7.375358776923127,5,528.7795130791999,0,0
4.5193492036837295,4.070765405403214,2,335.3118424839575,0,1
4.250358384900805,5.4023193117456785,4,877.3927943663542,0,0
6.421919936406983,5.566575743092284,7,1131.1632029948773,1,0
5.88852662297208,4.482190052591846,5,942.5503239486145,0,1
4.278067668361841,6.17338760295055,3,799.2788477243438,0,0
7.318659606728496,4.050192686754951,1,623.2185044632081,0,1
2.8378733448002054,6.742594594914488,8,472.3509101845731,0,0
6.231871213888527,2.308040639506503,0,1050.4253978974646,0,1
6.186202515936768,5.2527591590928235,0,1074.1314864156757,1,0
4.38090712137202,8.87785799811657,3,336.28106399278005,0,0
5.652266044484236,2.9993373507888506,6,1276.9516934542053,1,1
2.497772847229394,3.644510058950297,0,972.2213662682004,1,0
6.848054038413802,6.02781569931783,8,1219.878393543738,0,1
4.630195727114022,5.359163563879196,3,397.36167545446546,0,0
3.954553958961921,5.701260198547119,2,390.25275337536834,0,0
7.098018451673779,5.978374260295327,0,755.3092070698109,0,1
3.5913126189144817,6.269442937123539,9,950.8353280685583,1,0
2.1830774072728807,7.219399683912446,3,1338.9082468780891,1,0
1.8867416529521925,5.819637313857025,8,1011.8236741445395,0,0
6.21201990269128,4.517484690762915,9,727.19561695639,0,1
2.439141295007434,6.345147402405463,5,492.0892377002324,1,0
8.50958836396873,8.799763869790432,5,1169.000171815745,1,0
0.8361411842325559,4.7347325072348525,0,510.58837227478557,0,0
8.392912736580076,3.050941390658717,9,1288.5405664316966,0,1
5.422034934405237,7.214161338573946,1,714.6846051180472,0,0
4.806573776259215,4.759237672092803,5,1277.1746217853552,1,0
3.9101618263821005,0.6546609079719277,1,1003.6793870177835,0,1
5.798272228704142,6.694843354300843,2,758.9013531672625,0,0
4.9247305951503035,3.9293436280921545,3,644.181088452162,0,1
7.2066037640330425,4.818933435391679,4,697.7276367961761,0,1
5.228455297324079,5.663960661138029,8,928.4950077125712,0,1
5.300603522923756,5.380999359558133,3,823.146948865315,1,0
4.272775575572288,6.418903634278079,8,621.8565775793885,0,0
4.886108752557865,4.129027258860313,9,750.3105769047104,0,1
5.615603537784119,6.026211596352166,2,823.5731089157449,0,1
1.5796632146867489,4.4809066448321655,7,161.3797716755564,0,0
2.303629155788574,6.477620961775006,0,937.4504344366096,0,0
6.48652818804543,6.230734968026107,8,506.08363258495797,0,1
5.341730876255884,3.1291225959108093,8,454.0002790382765,0,1
4.632033327294642,7.1719642323500645,9,293.7966958667869,0,0
5.036867866130787,3.928073109771904,1,261.8322506396329,0,1
5.695163410723342,6.61611559656229,3,393.36574906631324,0,1
3.920480639381277,5.734574626802681,7,587.2937127108529,1,0
3.4433905491953745,8.676367353590244,6,1385.9777412579706,1,0
5.391690510195363,4.553068035256295,0,642.2360972314389,0,0
3.0432544447699357,4.301366407763605,4,853.3250318804094,0,0
5.816505511428944,4.961160788224535,6,920.1444159518986,1,0
1.5948327915243192,4.3936404343314495,3,839.3195558647546,0,0
7.058311274651287,6.5998838038841,0,776.7669617822019,1,0
5.9451949648260864,1.7673787831268242,8,441.4118709202266,1,1
5.5120594686277515,2.892635161707292,4,1235.2782644837635,0,1
6.965381967891028,2.864394156841614,1,1342.1589930913656,0,1
8.330948888925153,6.900615183947151,7,295.20239176319427,1,0
7.028740130036261,8.42122674516385,1,492.79142273408615,0,0
1.3182515373367094,4.791101562925057,2,716.0568972868982,0,0
2.440846066528597,4.662356553619979,9,510.6386615269426,0,0
3.7503628446086426,5.140104326226362,0,951.7896660367596,0,0
5.052182100421668,7.323756605216381,1,581.5183392780161,0,0
6.035318040938246,3.145293731618852,6,1449.5168203419807,1,1
3.548512373693069,5.47673796546957,9,1157.1645783030788,1,1
5.373533528954157,6.95039525956486,1,863.7722091896644,0,0
3.489234135293355,6.002188339879691,5,1108.0958789959195,0,0
3.7769643940161037,5.379163233197486,2,1131.7701273071928,0,0
2.1866778063035555,7.002092185134282,3,630.815753582527,0,0
3.1535335077781914,-0.40646458599847435,7,555.1348266374106,0,1
2.2966307887673327,6.3557506390618155,2,823.4429188908942,1,0
3.0482534940453343,3.6918486337451526,9,1058.4908373493831,1,0
7.107283593215679,1.3387342062870862,5,841.7181195960253,0,1
3.1012022223361138,6.022405199049961,0,326.90105534270083,0,0
10.26476412967478,7.747317090325915,6,559.1526668147474,0,0
5.9866358017617785,4.725102970744616,7,777.8081409216866,0,1
5.369672247389747,6.905749094405878,7,777.3003187022509,0,0
3.2832844396375727,8.22455651597729,2,1391.7626530369425,0,0
6.4006197588179825,7.629828907168095,9,384.2036172803006,1,1
3.848724347524452,8.279929058742786,0,951.6767725507624,0,0
5.244019629290723,6.484254982143785,8,1246.7339324984869,0,0
10.12016907653759,5.150867277803186,5,1481.4349236268388,1,1
4.8078802005507,1.796068376205663,8,678.6807730448116,0,1
7.298546652571352,4.507875023740103,6,947.42883581606,0,1
3.593647149748225,3.3135068093676168,0,970.9281071595941,0,0
4.930023019006077,9.341885434995628,0,858.6445194659873,0,0
8.54160127127102,4.648228375135327,5,770.3464396282081,1,1
3.746065884424465,5.2464096135689715,4,930.7926168500137,0,0
8.624897115993857,6.102970752080935,8,40.326174434094355,1,1
6.415503870910951,5.087204892744907,1,1004.6208470187894,0,0
3.8750664482114647,8.390102080861507,7,837.8533710985902,0,0
6.264815478111042,3.754701276531096,4,733.2575309665203,1,1
6.9451088992534595,5.389214910474485,1,1414.0586587158673,0,1
6.243619924434393,3.5150588286039035,9,597.5197943628343,0,1
1.8595505602190872,2.3599549775585884,5,679.0772032804907,0,1
3.545725648350263,3.7764618181894294,9,1397.4659906614202,0,1
4.504962728896991,4.9259264059031755,7,550.381608545043,0,0
4.851133141799908,4.1413955509654805,3,634.9654151190383,0,0
6.241344195101356,3.615158040252288,1,755.892372970745,0,1
5.355402001866508,2.1873650726563323,4,1052.2203446388648,0,1
2.3293112825797975,4.83378885474261,1,862.340752205994,1,0
5.760395702011927,1.9905592519379955,1,412.2123958543212,0,1
6.221171490567646,6.520111927379205,5,640.3494310618431,1,0
6.11958089586208,5.164879505869006,9,617.7936700363366,0,1
7.161561451109243,2.084897001070139,8,776.8336864330863,0,1
6.667844309097808,4.381581845900273,3,927.7530975889488,1,1
5.918360158456873,3.4956871888188337,5,925.4617267663916,0,1
4.859668577082706,5.638349020838361,6,267.1964737854794,1,0
1.6780781329680172,7.680900892046289,5,1119.1822962682568,0,0
5.859236438265172,1.2496550607085108,7,875.770653798987,0,1
5.4153753743262225,5.230052158294835,3,1215.3596142781719,0,0
5.543157674390747,4.679734408866719,0,933.2594981872015,0,0
2.446502848359381,6.342680152900932,6,1130.3968873207286,1,0
2.8378869191834752,5.426393256475379,2,939.9635934350381,0,1
7.1063057066658075,3.496061336522362,5,1203.8677268608244,1,1
4.92088969228669,4.361892128666764,1,956.6751908053336,1,0
6.363001394745249,3.407948286393022,8,770.6254260671287,0,1
5.056636752260922,7.152014277197196,0,1481.7304161340644,0,0
5.05951227899149,5.0426232973438845,5,1066.7111366839677,1,0
6.876567611951995,8.802381371506016,5,972.1233263013239,1,0
3.967910543565252,4.878678372370758,4,417.1086750384992,0,0
5.192241553881967,3.5831864661790744,4,413.5077147609387,0,1
4.075449422589915,1.9725712147743457,0,887.814644642556,0,1
4.131007545135369,1.3937206474881099,9,843.6563593304722,0,1
4.381655753062721,1.8317281139890205,4,615.7632304975051,0,1
5.444267543267426,5.534253302022967,1,842.294809883618,1,0
4.042502756673045,6.017450046459867,6,1276.5880784130786,0,0
7.511512251147042,1.8376185959357332,2,1008.6207423650897,0,1
3.2107853955609924,6.790076628152231,3,457.6974470741785,0,0
4.626256711677282,4.033877896633121,2,766.5473518571168,0,0
4.12053788345165,5.293586023971098,2,558.5100557442317,0,0
7.893955768707466,8.224441256510849,3,683.6900250774316,0,0
5.393109553023149,6.793678631731064,4,675.9153003111072,0,0
7.063689078937269,4.4629387041883355,0,656.7063252187984,0,1
2.028879253926056,3.217615549169425,3,423.4593884079815,0,0
5.534100531738518,0.6963691973413901,7,761.703595544543,1,1
6.779261591246874,3.56169336151516,9,631.817708945807,0,1
5.164567978550848,4.577739522344611,6,-78.83460700068042,0,1
7.130960750130702,3.0256409456976323,8,1415.8916073504988,0,1
3.9654230997992554,4.737486065815391,4,1126.6308962650016,1,0
7.81869488037116,5.153703765917537,9,687.1097825225012,0,1
9.5977962472385,4.550288036383843,3,805.6457149221795,0,1
4.274322879120682,3.6999948383530805,7,448.5036958047315,1,0
4.1089949571984565,5.337309343933455,8,1308.7168633432595,0,0
7.906768954235401,5.883881299138818,6,1369.1866084319336,0,1
8.159144291461425,2.819201845114308,6,847.0081184739574,0,1
3.9542799456934636,7.82186475949254,4,1107.0591932556035,0,0
4.159626365808285,4.802823735431477,3,852.5860336801771,0,0
4.436430782278985,5.037699245889695,9,398.9823683372208,1,1
2.311098977931446,6.4164288465131145,0,676.4529893109028,0,0
3.1626961070316035,5.466432262527003,9,839.5783900315871,1,0
2.9917184664958643,6.90627326782649,9,663.6356843769668,0,0
3.464404869791743,5.574248330403648,6,734.4040167694892,1,0
4.930630225226437,3.775125250719124,0,772.5801327472657,0,1
5.468429465073042,5.723007050412203,0,775.7364506403616,0,0
8.101000985628154,2.7125475853586765,4,815.677547149245,0,1
3.003291918522418,5.217119411553046,8,481.81848008101974,1,0
6.968644796953168,4.933540018711079,5,584.8951552616192,0,1
4.572022311548982,4.583766285454921,2,414.62472029000924,0,1
4.901072580695134,4.742924977122138,2,1093.34466490586,0,1
6.3496389843332075,1.2363019090047218,6,168.30591744790263,0,1
2.7545559568754028,3.902550184518077,5,1146.0771029950777,0,0
5.764819492368101,5.185689802282229,8,1215.904819178853,0,1
5.332904416426112,5.319712783994801,5,709.3458239052136,0,0
5.984902528016298,2.9446497181480837,4,19.058873651810472,0,1
5.5783372878156365,7.531415681729401,9,691.6068314098129,0,0
9.91060027982179,3.2676503035709983,6,780.7447516133542,0,1
3.7245200314973683,6.938914401053474,0,496.82053402132595,1,0
3.9380060899963647,5.854388723743369,6,645.4344818575272,0,0
3.753718947150471,3.7075453803123937,2,1259.0585596590054,0,0
3.8890457616794905,8.550621785219024,8,999.4781486905223,0,0
3.7252257453869646,2.61272633648704,5,522.63076568657,1,1
7.378033062215104,6.8383083472200035,8,320.7202491213704,1,1
7.841008495979709,7.0011646360859565,4,701.8948047170686,1,1
3.8585074125010475,3.6587595818467102,6,735.9629661948685,0,1
3.3352888537915426,7.784930600128657,3,948.8597562089949,0,0
5.942831112772808,4.499906970802094,6,639.4049862297023,0,1
3.8955539114380575,5.577387258559714,0,953.4498726085584,0,0
6.265863635511021,5.5206436775424415,6,1380.5462120180687,0,1
5.405846041702599,4.731382517058904,7,1044.6503067332787,1,1
1.9685117700055361,6.621616546319564,4,785.5734478007682,1,0
8.095010402660122,6.586977441104426,1,745.0548586840116,1,0
8.591755346191043,1.5029360535236385,4,692.9980597460386,0,1
3.7744226190312276,7.608680485756305,5,1154.1922737356433,0,0
4.224596880128032,1.6750160239286513,1,611.8059662146092,0,1
5.57173078144981,7.065092408683315,5,813.5668126999948,0,0
5.66891357997405,7.253410273655167,5,815.3593705643256,1,0
6.317088545345661,2.8180671395696035,0,649.4647421565404,0,1
9.0204090775327,4.17837142409083,0,388.2603356347698,0,1
4.646105545011901,2.7885906630281285,9,896.8923510853004,0,1
3.4034055109230925,4.570157939422529,2,781.6988084433849,0,0
2.2413615439709456,4.383931431628517,9,950.072140830971,1,0
3.538139920116162,6.55932106453868,9,639.9199080682499,0,0
4.933746054252405,7.620617492239217,2,1166.2463896439144,1,0
8.589115727035576,7.791367621579912,3,536.9678656364465,0,1
3.964777401927657,3.875663946843396,1,1313.6120852053677,0,0
5.447575903277797,4.581556252510945,8,275.70904705152157,1,0
4.967154207854496,1.6331236155580995,9,930.4310193670674,0,1
7.376786546896168,3.3882598670076227,6,942.629204757987,1,1
10.053864851747242,6.929703266194915,6,561.3328796177353,0,1
3.938262454159359,8.231165647096464,5,927.3181813583037,0,0
4.021121114963556,2.531302256240156,2,1183.8556009280476,0,1
7.0883217541381445,3.8150714816942113,5,134.95434819378067,1,1
6.363782979252623,4.947188486082146,7,950.8234422472444,0,1
8.693414651472068,5.560322317639214,7,52.018753900976776,1,1
6.167856370651927,3.3807929601567075,8,510.3005589430376,0,1
4.281415818425881,5.8481220889281795,0,1288.7499094702835,0,0
6.181309661384619,4.052321305858168,0,625.4653899823838,0,1
7.2174071611658155,4.9710954582434415,2,447.83601067730825,0,1
6.640964362394728,6.092568496007399,2,740.6186813045954,0,0
6.014548062214596,5.0128445396218755,9,1420.3719014490657,1,0
7.133349379178307,4.127228218946863,7,250.49532583819212,0,1
7.3385911808913455,4.780780392148339,9,484.60702650819667,0,1
7.764317982075054,4.82327408158933,0,1249.229504953888,0,1
6.297419775179286,4.2599779402357445,1,1357.3107030613196,0,1
4.665763839366291,4.482407874665795,1,768.9706327129148,0,0
5.293427372866645,8.197294341009433,2,428.28418924200724,0,0
7.413017933016714,6.121838895882478,5,1428.7530505427476,0,1
3.366128658025528,4.409039363941679,0,1278.3327175247591,0,0
5.737346617745803,6.393908809021472,1,1003.6840963286699,0,0
4.213322375345278,4.33236102048798,0,556.279295318774,0,0
5.057489645869635,7.346249275173283,4,785.291197748589,0,0
7.556903725214598,5.739284384396187,6,751.8919756865507,0,1
5.382198136039807,4.7853957119915425,7,899.2553913846733,0,1
5.092873096312298,5.895433851620555,9,1235.3004314394009,1,0
2.2802877180401615,1.8582476958630014,0,1063.825112341221,1,0
6.492507132054442,2.7464650621803894,6,476.7871769045725,1,1
6.29096836228215,2.612149987201889,4,1212.9489350058614,0,1
9.32650944661092,5.285886189527414,9,893.9396420039466,1,1
4.384443530093998,8.465029998970184,0,1006.1197387576749,1,0
5.438300655327878,9.462600292385265,2,1239.9622577835808,1,0
5.498767367421511,6.276102202881514,6,466.52592514593465,0,0
8.15490655952695,6.001688949888914,9,789.2523263880611,0,1
4.809408935226096,1.397884531694522,0,640.5636345922355,1,1
5.558043051540679,3.9146524005319563,6,329.6421723903632,0,1
6.215793019433079,3.424432496183522,4,904.0129932814759,0,1
5.3732182463127165,3.7583048034977677,0,1553.466965475327,0,0
4.107132770898944,4.663712362830421,0,247.97667664827418,0,0
5.388179985796615,4.055818844605746,0,790.3158166851589,0,1
7.1472634997195446,1.0414003792484245,8,992.162880522432,0,1
2.9469694011778795,6.495820512235068,2,836.9234604968543,0,0
5.265939348293752,2.854513948520387,4,766.0615842452779,0,1
3.599758370121654,5.478493728222299,9,410.2350909662527,0,1
7.390093257849685,9.148165339499947,8,869.8360228820491,0,0
1.9536261904324506,3.1612308168271532,5,572.970806895222,0,1
3.8821563054568236,-0.06057504549265946,8,143.02348850643398,0,1
5.754423750129042,4.427991556239778,7,1158.3776661541192,1,0
8.13104805846868,7.201919269997142,7,1087.5157459526126,0,0
4.868499477854025,8.916694908441187,0,815.498293055324,0,0
3.8896009466136032,2.5409008110951663,8,868.7224064617108,0,1
8.76231413888118,5.993398446473043,5,1122.2954038146684,1,1
2.103972199167512,4.069379086439893,8,867.3018970334248,0,0
0.6023880867598361,4.788103291391729,2,1071.2052664283942,0,0
5.880028900106665,10.28868669403407,2,710.7553397378449,0,0
3.9958915512947777,1.9940593432096936,5,1193.5951215721839,0,1
2.9575343657385735,5.5074793229891466,8,896.2357177798052,1,0
6.416712894598707,5.935386343530866,6,858.2155830817622,1,0
5.487601427542398,7.171572649878694,2,418.9816733863904,0,0
3.871842738526543,5.1959663069417905,2,886.0867562905127,0,0
2.439391202658211,5.616101079008205,1,550.4135247516647,0,0
6.744914656560289,4.216702865156417,8,608.5151820414518,0,1
6.300402355917322,5.538253882490214,2,555.3873115051637,0,0
4.801648272441234,4.313615449005179,4,480.1295204302325,0,1
8.693273992095332,6.243143779712102,8,1437.4314209050885,0,1
2.859830467347695,4.260779327912732,7,1199.4017185965208,0,1
1.9489496581505223,5.754200787804373,1,1376.1102506432785,1,0
3.616183860237511,4.941474372630044,2,433.1314941333308,0,0
4.908827967289004,7.252100501544336,1,821.3761249732678,1,0
5.486678898645383,4.897212552823028,7,411.94771243877125,1,0
4.5175278842873405,1.4539350635862371,5,591.2915368408808,0,1
5.704110793028594,7.523843001427983,5,524.5619049750276,1,0
2.496921151619112,3.1885353982747624,8,1171.8752019324684,0,0
7.887529208146519,3.6924673227023606,7,681.131096569472,0,1
4.835697643214862,3.808677411913016,3,1120.513800108205,0,1
7.234591663176255,7.748876186341635,3,981.2362668765554,1,0
5.685450692755408,0.728651572042609,8,1491.0916256314367,0,1
5.913506438307568,11.275497067319987,0,356.1667330580828,0,0
6.139534560464408,7.112113618132104,1,1177.7699719360396,1,0
5.8954171200346295,5.4464778282583195,1,1143.9322611202183,0,0
6.285445519735088,4.890211998767427,5,507.9863485918896,0,1
7.658305060264863,5.571108149715314,3,1102.1400009419478,1,1
5.39304233940294,6.042244856758677,9,900.8434889078686,1,0
6.418007515177025,6.290431171900114,2,731.7571220139777,1,0
4.820528611425546,6.111208932006897,2,552.8193539084001,1,0
7.880234430898946,5.179161362510498,2,584.2671645652442,0,1
3.6472153958814606,4.605323159385348,5,1414.9436287357778,1,0
8.60188086582163,4.697453432692977,7,800.2048456872448,0,1
4.919684098711313,4.610183439294638,6,1034.6390004594377,0,0
2.1384497957639037,7.2675401937341295,3,562.730185499734,0,0
5.2562088298215786,6.1871134445617235,3,566.0441161335084,0,0
3.6378966850502383,-0.8807772693285605,9,1124.5954427749825,1,1
6.681287097977448,6.311801553059522,1,395.12713653454034,1,0
3.694752041395218,5.389472389437549,0,675.4358696284186,0,0
4.107633133570441,4.962582487108206,8,810.2082233216696,0,0
1.220918538108938,4.222963093822228,1,833.4117805520157,0,0
4.095387361501847,7.2482254399720265,7,746.2720144951531,1,0
0.15224134674208667,6.895052924245716,8,918.7459343287769,1,0
1.8321943530285534,3.4542446643527818,3,1007.8567267453435,0,0
6.520829312288595,5.81410457424907,7,1020.391263637799,0,1
6.571600317301664,3.0566865309174283,8,504.258857399652,0,1
5.85091512356993,2.240763670422139,9,714.7534706213609,0,1
3.066047713741574,3.74656555082007,9,1158.4288585630813,1,0
4.90457728771604,6.724786944765517,4,1068.3941562721616,0,0
4.992794921818863,6.906250090752174,6,388.14216455568084,0,0
2.6832706216149145,6.026170840194586,9,905.4439701056605,0,0
8.006796603534301,6.450191573695994,3,206.5324251875569,0,0
6.7547245811513426,6.032356574229917,0,814.0804706181109,1,0
4.558071652340672,3.7170368095540955,2,1369.330105023793,0,0
5.053771677989062,5.8638450893478815,4,515.6321848193041,0,0
5.416765615895105,6.600819050455365,2,549.7030863525254,0,0
0.9165302631514187,6.508582659627148,6,1029.208934471858,0,0
4.5056452349588065,7.377826742949286,8,337.1595454371062,0,0
3.6360315040044027,6.416607694402128,5,610.1734910344883,1,0
2.996759980210169,5.702896415083166,9,978.9323412745258,0,0
4.43779941422809,7.140300476632855,0,609.714245693179,0,0
8.595373053699046,4.9469574815018795,6,729.2090038367085,0,1
6.28168572253402,3.2362506975445644,2,1023.2557130945104,0,1
3.8576420204344064,4.673866072112472,4,926.4638250609684,0,0
6.145165562712317,3.510194710387102,9,880.0455188886206,0,1
